ESTADO,2004,Unnamed: 2,Unnamed: 3,Unnamed: 4,Unnamed: 5,Unnamed: 6,Unnamed: 7,Unnamed: 8,Unnamed: 9,Unnamed: 10,Unnamed: 11,Unnamed: 12,2005,Unnamed: 14,Unnamed: 15,Unnamed: 16,Unnamed: 17,Unnamed: 18,Unnamed: 19,Unnamed: 20,Unnamed: 21,Unnamed: 22,Unnamed: 23,Unnamed: 24,2006,Unnamed: 26,Unnamed: 27,Unnamed: 28,Unnamed: 29,Unnamed: 30,Unnamed: 31,Unnamed: 32,Unnamed: 33,Unnamed: 34,Unnamed: 35,Unnamed: 36,2007,Unnamed: 38,Unnamed: 39,Unnamed: 40,Unnamed: 41,Unnamed: 42,Unnamed: 43,Unnamed: 44,Unnamed: 45,Unnamed: 46,Unnamed: 47,Unnamed: 48,2008,Unnamed: 50,Unnamed: 51,Unnamed: 52,Unnamed: 53,Unnamed: 54,Unnamed: 55,Unnamed: 56,Unnamed: 57,Unnamed: 58,Unnamed: 59,Unnamed: 60,2009,Unnamed: 62,Unnamed: 63,Unnamed: 64,Unnamed: 65,Unnamed: 66,Unnamed: 67,Unnamed: 68,Unnamed: 69,Unnamed: 70,Unnamed: 71,Unnamed: 72,2010,Unnamed: 74,Unnamed: 75,Unnamed: 76,Unnamed: 77,Unnamed: 78,Unnamed: 79,Unnamed: 80,Unnamed: 81,Unnamed: 82,Unnamed: 83,Unnamed: 84,2011,Unnamed: 86,Unnamed: 87,Unnamed: 88,Unnamed: 89,Unnamed: 90,Unnamed: 91,Unnamed: 92,Unnamed: 93,Unnamed: 94,Unnamed: 95,Unnamed: 96,2012,Unnamed: 98,Unnamed: 99,Unnamed: 100,Unnamed: 101,Unnamed: 102,Unnamed: 103,Unnamed: 104,Unnamed: 105,Unnamed: 106,Unnamed: 107,Unnamed: 108,2013,Unnamed: 110,Unnamed: 111,Unnamed: 112,Unnamed: 113,Unnamed: 114,Unnamed: 115,Unnamed: 116,Unnamed: 117,Unnamed: 118,Unnamed: 119,Unnamed: 120,2014,Unnamed: 122,Unnamed: 123,Unnamed: 124,Unnamed: 125,Unnamed: 126,Unnamed: 127,Unnamed: 128,Unnamed: 129,Unnamed: 130,Unnamed: 131,Unnamed: 132,2015,Unnamed: 134,Unnamed: 135,Unnamed: 136,Unnamed: 137,Unnamed: 138,Unnamed: 139,Unnamed: 140,Unnamed: 141,Unnamed: 142,Unnamed: 143,Unnamed: 144,2016,Unnamed: 146,Unnamed: 147,Unnamed: 148,Unnamed: 149,Unnamed: 150,Unnamed: 151,Unnamed: 152,Unnamed: 153,Unnamed: 154,Unnamed: 155,Unnamed: 156,2017,Unnamed: 158,Unnamed: 159,Unnamed: 160,Unnamed: 161,Unnamed: 162,Unnamed: 163,Unnamed: 164,Unnamed: 165,Unnamed: 166,Unnamed: 167,Unnamed: 168,2018,Unnamed: 170,Unnamed: 171,Unnamed: 172,Unnamed: 173,Unnamed: 174,Unnamed: 175,Unnamed: 176,Unnamed: 177,Unnamed: 178,Unnamed: 179,Unnamed: 180,2019,Unnamed: 182,Unnamed: 183,Unnamed: 184,Unnamed: 185,Unnamed: 186,Unnamed: 187,Unnamed: 188,Unnamed: 189,Unnamed: 190,Unnamed: 191,Unnamed: 192,2020,Unnamed: 194,Unnamed: 195,Unnamed: 196,Unnamed: 197,Unnamed: 198,Unnamed: 199,Unnamed: 200,Unnamed: 201,Unnamed: 202,Unnamed: 203,Unnamed: 204,2021,Unnamed: 206,Unnamed: 207,Unnamed: 208,Unnamed: 209,Unnamed: 210,Unnamed: 211,Unnamed: 212,Unnamed: 213,Unnamed: 214,Unnamed: 215,Unnamed: 216,2022,Unnamed: 218,Unnamed: 219,Unnamed: 220,Unnamed: 221,Unnamed: 222,Unnamed: 223,Unnamed: 224,Unnamed: 225,Unnamed: 226,Unnamed: 227,Unnamed: 228,2023*,Unnamed: 230,Unnamed: 231,Unnamed: 232,Unnamed: 233,Unnamed: 234,Unnamed: 235,Unnamed: 236,Unnamed: 237,Unnamed: 238,Unnamed: 239,Unnamed: 240
TOTAL POR UF,26978358.02,26508170.77,27284329.41,28046182.351000007,27244506.479999997,27082961.479999997,27346004.669999998,27656857.79,28232451.240000002,28556120.94,28367124.049999997,28562106.430000003,28375437.441000003,27838480.969999995,28598631.508999996,29355501.909999996,28482150.610000003,28326181.92,28322317.120000005,28764354.809,29335128.079999994,29145312.05,29287617.220000003,29505146.07,28880910.62,29383486.500000004,29897827.729999997,29887953.009999998,28925038.56,29068797.600000005,29113809.23,29886236.060000002,29916630.538999997,30143525.319999997,30531121.359999992,30493979.030000005,30699704,30324669,31312900,32030744,31382917,30766760,30500299,31181133,31735736,32135735,32654491,32304926,31855946.27,31730940.65,32118714.86,31952656.29,32299963.39,31742987.79,32150352.03,33013528.63,32964086.689999998,33673777.379999995,33410166.509999998,31559278.490000002,30666661.8,30495142.71,31977749.51,32042792.8,30945452.900000002,30715169.95,31324991.23,32262205.6,32716665.810000002,33419533.139999997,33616820.2,34123194.7,33360460.709999997,33729757.75,35116881.82,35025860.49,34296978,34169459,33849349,34713394.230000004,35182271.01,35188924.99,35077981.260000005,35956439.400000006,35873744.26,35444916.66,36350690.05,36048318.05,35565987.39,35159573.72,35417292.620000005,36335812.84,36965189.34,36743770.379999995,36368389.769999996,36741948.78,36305167.29,36900531.019999996,38623110.72,37995869.09,36810191.03,36528393.11,35917147.2,37179602.53,37661696.120000005,37796014.07,38643584.230000004,37765084.44,38366809.74,38005651.72,38442191.55,38653663.43,38344861.57,37627698.01,37697945.03,38613276.26,38524724.16,39389004.379999995,39920289.54,39556378.24,40279759,41653487,40269429,39591854,39100499,37726472.879999995,37866809,38550694,38894976,40100440.59,40950726.39,39838307.03,40757967.53,40719266.36,39758964.39,39596670.300000004,38202362.339999996,37263665.83,36816443.29,37858685.11,37841649.599999994,39276665.57,39224855.370000005,38669960.36,38400901.1,38727336.57,39444914.24,40269420.08,38648672.58,37550409.230000004,37255240.92,37693934.25000001,38345059.93,38197842.24,38754249.06,38780794.980000004,39369163.58,38836387.49,40545594.16,39430431.28999999,38154686.32,38114265.09,37380263.36,37865728.849999994,39008926.43,39336272.02,39826888.260000005,39606125.910000004,40054674.8,39169029.75,41106870.620000005,40695005.25000001,39263298.550000004,38203299.07999999,38508156.91,39048876.01,39038986.54,40393786.25000001,40407668.501,39874847.88999999,41647188.370000005,41164000.33,41147991.63,39723394.699999996,40480651.07,38440784.120000005,38345918.61,38641545.83900001,39262189.391,41067778.91,41792473.46999999,40801897.82,41329206.01009999,40964138.87,41138619.019,37264053.86000001,36124235.54010001,35769050.28000001,37869299.12900001,39242225.9,40352369.649,42923614.500999995,41430693.789900005,42161402.529999994,43093327.86,41507062.79000001,43661452.061,42657441.68000001,40784638,40428922.629999995,40190502.120000005,40908016.07000001,41952552.080000006,42596650.581,41869275.911000006,42915950.78000001,42591107.879999995,41977416.51,44269084.79099999,43140646.578999996,42014108.441,40746814.908999994,41198549.839,42098359.449999996,42051556.519999996,42490490.909,42776620.510000005,43353337.94009999,,,,,,,,,,,,
Rondônia,112812,105806,106668,107580,112115.8,107816.5,108589,110858,116058,120268,119959,116378,116926,109653,116662,115809,117752,119882,123359,115911,122495,124693,127387,128797,122877,116242,120809,121517,117740,119680,131681,129918,139183,137709,131735,134813,128493,128342,124676,130877,134470,131916,137448,135274,148596,144772,145373,143568,138465,133501,134855,138913,141117,140705,139671,153353,160247,155112,159680,154233,149272,146857,142553,149795,157115,153570,157224,163459,172020,172568,177619,171703,167599,157710,168817,181107,182040,179747,184630,176559,190761,208602,197194,189815,189384,179184,175311,188043,185251,196137,202144,206773,211551,216961,214947,212161,207648,202111,236370,220371,233506,237786,224545,260049,253310,245704,267545,237203,225761,217919,226616,236394,247498,236254,255981,237287,255615,262580,249556,278963,244037,230153,239835,248221,245102,249128,243747,257835,277468,274002,263181,258822,244764,230287,242428,247535,240618,249976,247241,256387,274622,274426,262361,262404,238440,240311,249848,243650,240798,236197,240150,257792,245969,253212,253243,244761,233549,225403,246144,234192,260681,255041,247976,273801,278307,277698,276785,257363,249348.71000000002,244861.02,257309.30000000005,260804.27000000002,265516.68999999994,244356.78,262378.81,278297.25,262416.35,299252.74,279293,249342.16,258933.82999999996,252680.10000000006,254847.19,260772.24000000002,268913.22000000003,254185.22,277543.94999999995,275256.9,304632.35000000003,280828.25,274057.43999999994,284963.88999999996,261824.62,279572.74,267371.39,258342.69000000003,261114.47999999998,246812.25999999998,271912.01999999996,289946.1,312238.10000000003,317105.48000000004,296981.39,324405.76,251933.01,252583.34,250909.58000000002,275481.23,276388.13,276876.66,269289.67,295606.61,308915.78,312595.50999999995,292503.27,296180.92000000004,283800.24,259063.73999999996,290442.44999999995,280670.86,301391.95000000007,284030.04,295762.0999999999,313670.5999999999,318510.5,321702.48,302445.54,320839.52,,,,,,,,,,,,
Acre,34840.049999999996,33050.33,33858.030000000006,34961.020000000004,29766.47,32048.599999999995,33659.700000000004,34837.46,36879.8,36948.04,38066.13,36879.95,36639.00000000001,35531.83,37499.67,34285.9,34663.76,38933.6,37976.61,36379.86,39859.92,41717.17,42666.85,41224.350000000006,39805.13999999999,39150.57,39284.59000000001,41205.670000000006,38259.49,38734.46,43788.34,41193.18,45486.08000000001,44970.4,46118.96,46769.920000000006,42215,45068,44111,43629,44184,41859,44820,44102,47298,49165,48531,46336,46028,45807,45097,46184,45889,45104,46190,52834,51827,52747,53493,51403,50426,49322,44789,51492,49207,48626,48780,51280,56546,56857,57219,56722,53456.75,52271.75,51993.82,57454.49,55569,52381,55599,53520.229999999996,58380.51,63197.53,60934.57,58492.71,60050.26,58444.66,53699.05,56565.05,60146.39,60014.72,57540.62,62747.84,63004.34,64723.38,68048.77,63379.78,62817.090000000004,61945.54,64320.43,68904.78,65332.15000000001,64656.83,67522.91,71229.70999999999,73208.17,76832.40000000001,74627.66999999998,70586.03,67456.74,65826.72,66980.55,68672.43,69304.57,70842.01,70232.03,69668.26,70867.16,77618.38,73825.54000000001,72816.24,74096,72453,70003,71360,73009,70033,69657,72093,79577,80814,74031,79434,73649,70855,77460,79023,75929,78707,80557,85781,86498,87334,87299,90645,81384,81581,87242,83786,82541,78918,80393,88980,84134,87305,88311,89670,86061,79907,85592,84410,88816,86505,87019,97364,97625,98577,90208,92193,81045.29999999999,79121.06,76322.34000000001,74646.76,81720.71,76033.15,79554.76,80491.61000000002,85699.55,90182.23999999998,93348.48999999999,80665.42,87600.58000000002,79985.83,85525.31999999999,86770.45999999999,89633.31999999999,93619.24999999999,90606.44000000002,86074.22,99064.01999999999,93099.09,96031.43000000002,92982.32,88606.36000000002,95495.76,94487.86,86016.37999999999,81074.84,80542.61,81325.70999999999,92588.09999999999,101308.8,100665.54999999999,100460.13999999998,99997.84999999998,93243.23000000001,86350.65999999999,84782.6,86435.69,82508.51000000001,91990.01999999999,80268.51,91211.92000000001,103203.22,106137.94,94749.88,94266.24999999999,93952.24,87025.49,89775.97,91044.83,93570.12,87310.56,96256.83,100332.56000000001,98467.47,103969.6,101795.11000000002,99933.34,,,,,,,,,,,,
Amazonas,274773,278429.72000000003,270420,279044.7,283866,285251,295884,296649.52999999997,308616.48,319945.58,310684.18,321545.42000000004,299782.72000000003,289645.34,289247.04,296436.19,297431.24,310960.74999999994,317580.81000000006,322775.98,338804.20999999996,332436.19000000006,334370.91,315160.26000000007,298209.95,304794.69,302554.01,315254.42000000004,314094.47000000003,322463.08,330310.02999999997,339054.1,359009.07999999996,346915.24,355092.82,336693.13999999996,312475,320268,323030,334719,335441,350911,337251,356199,361337,367171,376022,360832,331368,331440,339761,341144,361100,359481,359733,390771,398919,388833,394311,359102,329661,318688,331379,334981,345127,351824,347954,394413,391390,409734,405576,401029,369600,368840,363423,404806,392430,404911,388102,419005,432059,435048,429563,407452,388938,377546,394293,394888,399888,422015,425545,458233,468046,469410,450418,436132,425582,473933,455374,437666,451756,456900,459974,493586,477170,496783,507143,460459,459640,446605,457277,479972,484281,493425,517886,520991,519050,549053,532085,505958,501549,479463,495404,498706,529186,493025,528946,547175,569778,559531,544129,528333,524542,485964,517260,508045,509000,504937,530012,558743,571653,603861,538961,504238,509002,490478,504398,485366,485827,489546,511318,499234,507842,516974,546929,443651,474419,439419,476521,455630,489485,494611,489740,542340,509960,509684,506961,463702,460127.57,438587.67000000004,504913.95000000007,490246.23,500161.02,482612.81000000006,505174.56999999995,535617.28,511131.4199999999,562722.72,515469.95,459660.42999999993,470117,462127,507987,511648,516444,497996,523630,554366,526283,521774,533501,516102,524796.4400000001,523376.93999999994,537167.13,426645.19,442029.68,487377.4700000001,540538.98,556146.6900000002,562477.4199999999,560716.8300000001,537850.22,509005.11999999994,460429,429324,480872,500805,516451,516429.3,518701.13999999996,560314.8400000001,563738.49,562715.75,555614.72,522545.07999999996,525348,503928,544800,516767,544203,536348,563864,619103,608718,606842,596170,547534,,,,,,,,,,,,
Roraima,31695.629999999997,30802.28,30275.52,33035.03,28944.359999999997,29531.800000000003,28212.489999999998,28722.61,29796.91,31634.27,33054.71000000001,34181.8,32339.609999999997,31152.73,30294.34,32622.68,30139.309999999998,29714.090000000004,29958.300000000003,29800.85,32703.07,32953.53,36234.55,31643.83,30879.22,31221.04,31184.04,30199.04,31517.000000000004,30675.930000000004,28797.64,29695.449999999997,33964.770000000004,34886.94,35116.31,33793.41,35749,33111,35788,35881,35211,34038,31787,34555,35567,36003,39537,38067,35196,36036,36752,37186,37758,35306,34910,34816,39908,40884,41631,39615,37512,38286,38990,39939,43593,38707,37708,38813,42774,45239,46723,42969,45039,42057,42994,48046,43976,44339,40962,42709,46918,50687,48285,46684,51583,42573,47843,48910,46913,44776,44796,46486,52876,55717,50158,54368,51477,49733,55258,59543,51056,54152,51156,51246,54452,60120,62595,61137,57109,55096,55240,64538,55980,55092,56512,55793,58188,66509,62393,62667,64086,60271,64594,65175,67546,63062,61773,60610,73435,77060,69559,74493,74457,66881,76847,72466,67716,64979,68119,68717.49,77919,87201,79968,77761,72024,75122,82944,77185,72095,68886,66836,85097,75884,79239,79741,80047,73265,68655,78491,70774,75224,70145,67137,79253,78906,85371,87734,82858,76488.93999999999,79149.03,82289.45999999999,84250.3,73826.09,70981.8,67097.61,78815.12,76490.6,93616.21000000002,87809.18,74624.12,78396.49,75134.84000000001,83627.41,87274.18000000002,77105.37999999999,65037.79,73222.16,71494.29,77278.34,83318.52999999998,80665.58,79534.81,81193.98000000001,77622.38,90509.48999999999,80798.44,73349.63999999998,71887.82999999999,74521.78,74453.15999999999,85026.94999999998,90363.53000000001,86429.49,89148.09,79505.98,79350.61,78648.93000000001,86793.2,78872.79999999999,79367.2,82118.97,83746.93000000001,95028.78,96460.69,100007.22,95919.70000000001,91959.08,94379.81,96801.8,93803.02,89132.57999999999,85395.57999999999,87009.87999999999,98904.22,101777.26,108238.71999999999,100716.19,98660.66000000002,,,,,,,,,,,,
Pará,1011353.0399999999,967109.34,1022952.8900000001,1032233.0300000001,1057805.5200000003,1067141.38,1083198.64,1138723.5,1069492.02,1090780.4300000002,1097026.84,1110612.54,1083695.22,1035911.5900000001,1076644,1051344.77,1088058.32,1070248.97,1086133.8399999999,1093866.1699999997,1080809.6199999999,1131542.87,1118779.8099999998,1130731.7,1115851.1700000002,1033671.9,1126979.05,1101862.77,1127802.3599999999,1121515.79,1148233.9000000001,1172641.38,1164266.66,1194717.51,1166822.0699999998,1177378.28,1180334,1098723,1164173,1153880,1202909,1196630,1220940,1236312,1219828,1259728,1238990,1260074,1195285,1153500,1209720,1185964,1204944,1247513,1269710,1277788,1297083,1344879,1268284,1276296,1263146,1105373,1180971,1189792,1178005,1242804,1268925,1257272,1251738,1277654,1274365,1277209,1263569,1187333,1307307,1278783,1314680,1324439,1344336,1347651,1352077,1368534,1337064,1368136,1343143,1233164,1387148,1347494,1378682,1404316,1423875,1429423,1407584,1456452,1390478,1450878,1426237,1351493,1443203,1375924,1418104,1359436,1381259,1397591,1376062,1399131,1351954,1367694,1367401,1280164,1364354,1393688,1374287,1359820,1426771,1434830,1415310,1503072,1472341,1579971,1490023,1424374,1523509,1486853,1550456,1518602,1662933,1461244,1568909,1555321,1547405,1616524,1559811.89,1479743,1556078,1491414,1579224,1533671,1648153,1650360,1663930,1711081,1711846,1751783,1592424,1570769.6,1658525,1570401,1694585,1661579,1730933,1720521,1709671,1726800,1698436,1774099,1650619,1507222,1651561,1621941,1735778,1695798,1724334,1754274,1719317,1767703,1713492,1751419,1684268.3900000001,1559131.95,1680241.5299999998,1503476.0300000003,1461332.11,1425764.46,1465487.3099999998,1416141.33,1449862.69,1471548.67,1458850.8299999998,1454000.65,1399065.04,1286210.6500000001,1400696.56,1344664.3399999999,1441994.94,1515600.15,1555907.72,1595261.46,1604474.21,1672557.38,1646372.1199999999,1728872.8399999999,1662168.61,1584586.33,1547775.52,1505146.3,1517861.7200000002,1535644.45,1637341.0499999998,1731849.69,1717543.09,1770336.09,1695856.67,1668212.4700000002,1707784.6,1618425.65,1723528.92,1730329.35,1797736.67,1764999.5300000003,1774992.5499999998,1792355.62,1768771.25,1796327.9700000002,1804435.3900000001,1856533.4100000001,1768359.08,1572270.98,1694374.15,1658405.2400000002,1756893.2599999998,1807858.19,1893428.44,1949561.7100000002,1902989.28,1913455.77,1891331.4700000002,1928523.6800000002,,,,,,,,,,,,
Amapá,43084,28944,42451,40234,38522,41854,40924,41429,44138,46695,46641,46518,46518,46420,46502,46488,44046.26,44513,44573,43866,51104.50000000001,50480.520000000004,48561.799999999996,50835.420000000006,46759.85999999999,46371.39,45138,48462,45702,49104,50442,52283,55491,54285,53135,53698,52994,48024,48586,48388,49688,53428,52467,50958,57185,55565,54117,54522,54293,48433,49889,51074,49667,56602,53274,57191,58858,61394,65184,61584,58480,54803,52594,54460,54758,56801,55830,58339,63772,65378,66606,66436,62585,60778,59719,61512,63549,66742,62956,65416,71953,70016,69927,70721,65575,65592,62182,63001,65599,68373,66361,68663,74237,77013,74557,73919,74058,68698,62402,68677,69307,74808,73296,74178,77985,79315,80396,78816,79073,71625,71706,74396,74187,81035,75890,79451,86031,88357,92480,86665,86182,74887,73891,81156,79404,82739,82810,86569,93091,91575,93246,89071,88130,84111,79258,82070,80702,83404,85614,88942,93512,91057,100738,98183,89831,86789,88960,87303,89705,90332,92213,94404,99946,98303,102870,93740,85158,77343,78699,79393,90378,89052,86381,99456,104341,92396,98001,92497,88957.59999999999,79556.21,82247.92,81706.76000000001,84407.20000000001,83401.86,86686.82,91249.03,94993.52999999998,102241.22,92954.94,85275.1,80626,81200,79087,81899,87243,86965.71,91928,94156,100883,98678,98549,92991.03,89893.94,84731.90000000002,85880.01,81658.67,82043.64000000001,84217.06,84584.79,85797.45000000001,82885.98000000001,88241.94,83376,85506.56,88272.02,96329.99,88836.01000000001,94260.01000000001,88664.99,93446,91576.01,101021,102871.02,101637.04000000001,103447.87999999999,89648.11,83935.18000000001,73247.24,80353.98999999999,82739.62999999998,89665.821,93484.63,88694.97,98160.18,100502.43999999999,110291.669,126314.97,99091.26999999999,,,,,,,,,,,,
Tocantins,65876.62,63306.920000000006,67551.25,71774.33,74458.77,77738.63,74534.74,78675.79,82175.33,77895.43,74206.60000000002,74505.15000000001,71638.03,70809.87999999999,72748.48,74899.97,77317.69,78035.55,79336.22,82857.45000000001,86384.48000000001,82355.13000000002,79685.81999999999,75875.85999999999,73549.52,74900.31000000001,75111.26000000001,75152.48999999999,78843.87,79746.76999999999,79676.34,87157.77000000002,88913.87000000001,86475.31999999999,83553.45000000001,81224.19,81448,79450,80173,85493,87524,90536,88079,93308,94796,94121,93012,87618,89685,87579,84432,88434,92559,96232,95058,100054,105645,107333,99161,90085,93416,90833,91214,98568,95754,101491,107272,111315,111294,108392,104261,105648,103496,107820,113069,114307,123196,125685,119203,123678,127763,129613,119089,119245,117082,106778,115452,119762,126415,127972,131254,134517,142149,135843,120547,125094,121086,113858,122731,130819,141099,134535,139895,142641,143505,147897,139801,134478,136012,128970,136018,143444,148626,153065,159248,161376,166126,173397,158925,151695,140999,135372,145431,149856,162624,166808,172013,172426,174634,187573,170705,169456,155304,147612,160019,166325,165223,177364,173944,183047,196310,195052,176935,177620,151612,163748,191801,179580,196896,193368,179014,186587,195715,184697,184461,170591,165134,154680,178456,174709,194091,200692,179521,194548,204123,215980,192720,177562,172661.35,170131.82,185249.09,184183.41999999998,199930.84999999998,200772.7,192072.18,208382.19,208498.68000000002,208895.18,195911.77999999997,181692.34000000003,188445.18999999997,184040.45,188820.16999999995,194781.15999999997,207409.19999999998,206279.57999999996,207655.20999999996,204606.86000000002,225410.84,215075.66999999998,196255.22999999998,199305.82,186041.61,190660.62,192092.78,191242.73,199240.05,202434.6,208110.98,204579.56000000003,223879.37000000002,232692.94,206750.13999999998,215475.84000000003,192072.93,194402.77,183872.78999999998,212713.3,212446.72,220840.66,217246.29,220621.03,229839.43,225903.33,210314.42999999996,204081.93000000002,187072.54,184549.15,207454.36000000002,212059.04,222855.81000000003,224961.86000000004,228775.06,237652.34,249270.54000000004,256665.07999999996,226221.08999999997,215129.11000000002,,,,,,,,,,,,
Maranhão,737033.3,694591.8,743086.2,728379,751060.16,730462,741749.91,757367.1,745555.45,786961.3499999999,745748.48,757937.77,756950.3300000001,698107.21,755229.7100000001,723070.79,761257.91,762777,769694.34,786400.8500000001,769461.8600000001,792654.91,785051.3799999999,859749.86,815423.5900000001,756882.89,815146.96,823687.1900000001,817066.35,827200.64,851831.5299999999,883056.03,870436.96,899816.3400000001,871288.47,897669.26,890493,809315,868514,871738,904446,874990,901373,929030,891209,931758,915287,928795,915225.27,843993.65,897788.86,865475.29,900150.3899999999,893574.79,935394.03,947652.6299999999,936394.6900000001,961541.38,937932.51,930688.49,928063,807085,861919,842430,898813,861533,902258,936600,933962,950525,934771,935828,962612,882111,952818,942829,961211,945977,970718,1006961,985990,1015413,991190,995385,993051,896022,968626,983501,1018032,1014024,1032885,1058636,1034658,1041248,1007894,1004179,987765,936084,979449,973116,1021198,984029,946571,986719,983860,989928,952681,958397,945840,888996,952727,924225,937432,917378,952387,971313,902593,895225,859897,851184,846344,775298,813589,738595,663962,655029,664671,722650,701362,719125,709751,689738,681792,647871,686420,581368,519306,532190,527012,560779,572763,581229,570925,576143,528069,530313,551328,557051,564976,563658,560858,568189,615120,585538,609230,589256,533998,509151,537996,536822,543473,558638,557027,599099,624533,642634,634157,627180,565404.02,519875.35000000003,559924.13,560141,570332.8300000001,586892.3099999999,596580.15,621139.38,619887.6399999999,647507.3400000001,644882,606664.78,581643.8600000001,571802.3700000001,580822.07,572046.9299999999,611376.52,621587.39,629702.9400000001,645994.23,660274.22,665020.21,677006.4700000001,693977.53,602214.12,580290.54,591806.91,594251.2200000001,606835.0900000001,638881.4899999999,650860.94,660576.4800000001,677302.2899999998,726073.3100000002,699673.5800000001,688993.0299999999,641048.4700000001,612299.0200000001,614322.38,623698.12,634273.83,660356.3499999999,695640.94,710540.37,737062.78,747444.84,732898.1199999999,737343.1100000001,659935.17,614653.13,665327.1199999999,646793.46,721612.11,730644.29,783457.2,881229.6199999999,920582.4700000001,967972.61,988530.31,1031596.96,,,,,,,,,,,,
Piauí,131052,110758,112344,123168,121261,122482,120148.2,123974,135732,135439,138289,132442,136669,125819,120198,122269,127469,130358,132847,131931,143183,148761,149440,144734,135330,130490,125245,128022,127217,133976,141395,138587,148516,147079,151388,147496,144519,140396,124398,134804,138460,142851,141882,144876,154837,155195,167850,160982,156434,146903,140331,135496,142946,148286,143535,153489,163787,170216,177810,163782,159326,149497,141394,143291,144386,148040,150395,156588,166269,178993,186789,178260,179415,171398,171640,181308,179661,179865,178742,184787,197323,200216,204095,197214,198865,182037,179375,185311,183813,193028,197160,200165,216653,222821,217772,215555,216823,204380,200064,212641,215948,227715,228293,243378,247350,253519,250634,233567,227624,219731,218076,231107,225025,236336,242414,247467,259567,268128,256918,259286,250521,236733,238448,232059,244483,252584,260319,267045,281999,294112,255434,272628,273383,250743,253029,251851,261748,267085,271404,277065,289127,293789,302313,301549,265941,241265,266071,259448,280490,283536,272627,292150,302995,296038,318946,301204,279492,254282,265997,257715,288441,289846,276474,295424,316318,322286,329139,305164,287938.29000000004,261118.52,272640.68,270380.79000000004,277263.69,292479.35,273591.88,315255.69,326382.53,338349.49,335001.72,157707.82,271935.38,277260.55,281084.95,276726.20000000007,292790.45999999996,296248.2199999999,298313.29,303774.17,322073.29,338106.34,370183.3,335365.03,306315.13,283533.86000000004,283979.43000000005,272757.09,278661.00999999995,284694.32999999996,296327.15,300642.88,325854.31999999995,357002.56,352938.64,356743.7,325941.56000000006,292132.5,300388.45,307187.19,320128.76999999996,332988.13,333393.82,340994.97000000003,361856.10000000003,355231.0900000001,342779.88000000006,348499.66,309774,291533,311619,304835,324165,326689,333801,336657,374648,375275,350641,356245,,,,,,,,,,,,
Ceará,518714,469181.31000000006,508966.1100000001,523200.11999999994,501515,511009,495416,531184.8200000001,564012.76,553697.6399999999,575825.51,575617.59,563304.02,544337.13,559221.14,550633.3899999999,559737.6100000001,546498.7000000002,549962.27,582136.03,578428.83,595935.9500000001,598470.5200000001,595021.3899999999,595421.01,567170.59,561689.2499999999,555420.3300000001,558304.3500000001,561211.95,551525.9600000001,580901.93,594826.7499999999,621035.8,624502.9800000001,606952.0199999999,605060,590036,555759,595118,585007,593903,590897,617797,613243,647142,653447,651412,622812,621114,610662,581639,601608,602625,630237,643449,655093,693888,678113,681614,685028,619992,618623,615309,615709,614239,635046,678471,681184,718245,722155,713681,713169,683893,733041,727540,720365,741230,744855,730223,769216,771275,776945,764275,743669,697951,707190,710914,711282,726565,752115,764517,810926,810091,798618,793797,822700,799545,782977,813199,811430,832457,824129,853153,856246,881404,877578,869794,889393,888336,854292,879856,895137,888268,836396,891915,936809,965843,976758,905633,925025,943695,928567,889692,951714,886364,940659,951073,971410,1006509,1002098,959696,966140,964966,901727,904228,944587,942599,910506,948245,939268,953910,984712,964838,954361,907792,959585,982875,1008021,1054048,1039477,1013589,1006298,991681,998315,997808,940311,898841.4,904027,909923,947928,960183.9,940416,960147,981978,993947,1014667,971779,929186.2399999999,887547.08,891237.7999999999,929001.26,945059.07,974875.7800000001,930143.16,938638.3600000001,949722.26,942582.7999999999,982043.55,965405.1599999999,984199.15,1040896.6799999999,974015.2500000001,956851.4199999999,1005254.76,978449.59,1002392.73,979548.0000000001,1027544.43,1047135.2300000002,1129965.6199999999,1153699.5299999998,1075696.8499999999,974261.73,957892.6700000002,864466.0499999999,883507.45,920802,951198.4299999998,998159.7500000001,1033608.84,1141902.1700000002,1054110.92,1092362.7100000002,1085909.75,1038588.55,1015890.25,1034344.08,1028166.49,1075616.77,1035543.86,1093206.08,1113104.25,1132069,1137521.2899999998,1180349,1086223.48,1021496.2700000001,1067443.83,1057344.8699999999,1024213.7400000001,1042010.1699999999,1020083.27,1069232.9799999997,1104977.9400000002,1129339.5100000002,1148859.24,1122197.58,,,,,,,,,,,,
Rio Grande do Norte,268614.11,233950.88,257966.1,264504.74000000005,258761.55999999997,263985.24,249242.91,262303.05000000005,265269.31,276664.48999999993,293826.3600000001,300457.75,286725.74000000005,281224.3599999999,284825.70000000007,289515.51,294997.67000000004,275820.23,292472.33999999997,292479.18999999994,295852.36000000004,302204.79000000004,311057.05,328161.22000000003,292111.17000000004,298099.11,317714.58999999997,296291.34,296685.56999999995,304075.61,299123.36,315092.27999999997,313561.70000000007,334813.77,335094.52999999997,330992.98,328903,322914,324153,328843,320781,319902,316110,323798,329406,338813,348304,352101,344022,346277,344927,325614,323292,314179,317615,317902,336388,350269,355174,366086,350083,327442,339349,334110,319921,316696,316432,336579,349858,365008,375054,396747,365312,343086,386626,382585,373048,383436,369121,359858,372353,389256,396046,402604,371810,373878,382208,377555,361614,367707,360942,368216,380644,400217,412770,420419,403529,383212,405331,393003,414540,397312,388388,400210,407125,412881,427926,436602,432387,417708,432488,442376,435433,422653,408287,435163,427795,451630,452917,457309,457425,444420,465407,450059,462255,424962,441893,447757,450226,468354,477528,475334,476314,459276,465932,454406,470344,460108,436790,440534,447152,461981,466736,477028,461199,439684,461166,463977,461676,455703,455191,462449,471179,478086,486808,491418,473720,460764,475026,466269,480071,469402,439747,447785,462042,476251,475865,498469,496448,461626,482261,461048,446750,453723,438544,465124,478975,501759,516316,499833,504901,484333,481420,451083,474869,468974,462536,467479,470227,503111,507230,512444,511867,476077,490671,448785,440327,424875,442741,458019,485122,502056,482090,475494,535677,507088,510391,502849,465583,484080,486327,489419,498197,506332,519893,532188,526677,474401,512084,490148,484236,447842,452552,460495,483489,491535,509076,517322,,,,,,,,,,,,
Paraíba,236448.97,226289.39,242215.12,235364.14,234298.81,236512.27,235539.25999999998,233748.43,245145.6,253093.51,253953.47,258616.45,261435.66999999998,246418.34000000003,260803.83999999997,262054.22999999998,256928.2,245076.91999999998,247285.53999999998,254729.33,258094.16999999998,266631.89,273756.01,267609.31,269455.44,265295.62,270569.92000000004,272794.66000000003,273337.55000000005,270753.85,257342.41,270998.48000000004,269280.67000000004,281007.99,292429.25999999995,285813.67000000004,281295,270344,284553,283947,287147,273878,272817,277560,273632,297417,305978,303794,307173,299397,297464,296192,299701,293089,292872,298491,300087,312840,315201,309038,309739,288272,305587,305565,302783,295444,303923,311900,305026,327555,327031,331668,330804,320908,359119,354954,349533,343712,340840,335658,340524,355771,370926,378304,346337,337034,374291,356034,354137,335990,337515,342297,346426,367518,377157,381925,379984,355758,392404,385558,385107,370656,371232,384265,371687,388234,385780,399357,421347,411644,420365,425105,407030,390927,401000,398371,396309,409000,410373,418829,444699,435755,437397,426212,443345,407146.88,414269,402128,415717,423306,432384,421002,442275,444521,449463,441425,430672,415013,405013,421405,435654,432781,439685,421635,430324,418811,441530,436467,427548,424316,429311,415382,439668,436770,443648,445429,463293,414222,462956,437615,435732,435713,410456,422984,414297,442214,456772,454409,476007.1400000001,442042.85,458712.22000000003,443056.49,438020.31,426783.87,431977.58,443853.70000000007,432359.80999999994,466866,480609.64999999997,466491.31,489002.2,457357.66000000003,466568.22000000003,470542.57,480249.82000000007,444183.55000000005,445114.89,433351.54000000004,443848.43,474596.3900000001,483570.29000000004,498275.26,496090.89999999997,495737.70000000007,487189.6099999999,441137.4,441060.82999999996,389368.29000000004,429710.97000000003,441804.11000000004,459410,493956.69,512327.19,510081.98,507812.41000000003,492508.87,504484.4,491720.0500000001,471318.34,456773.69,471037.23000000004,473641.36,477189.27999999997,500605.36000000004,503351.79000000004,530933.3900000001,494878.82,462938.87999999995,512193.7299999999,485072.66000000003,487155.8899999999,446240.42000000004,452920.66,455182.72,469368.45999999996,480110.07,497047.69999999995,507007.22,,,,,,,,,,,,
Pernambuco,643102.49,612231.66,658774.0499999999,674646.3899999999,649438.38,642487.26,619249.73,634549.3799999999,681675.94,687210.5900000001,705356.9,730310.7,728644.4600000001,687891.56,752497.9999999999,724658.1,708030.11,667440.02,646352.4,682357.89,696510.5999999999,724671.7999999998,735154.1099999999,743785.0100000001,736715.3300000001,695496.39,769090.5900000001,736370.7999999998,730604.22,697088.2800000001,697130.6700000002,690133.03,701300.1500000001,755412.2799999999,759765.6799999999,786701.1100000001,783429,753749,785722,780940,789314,759461,745167,744858,733323,794652,806500,852714,808510,797931,826423,792763,814884,777357,775514,769220,782212,838744,856867,889627,784284,772196,813957,843022,835953,806576,809472,834820,837536,877025,896987,976778,861949,866720,958801,915392,930543,882344,868402,877257,863283,932621,948170,1030851,951431,886057,978359,968206,918866,898913,885607,933194,923045,965989,967911,1013195,999461,951255,1026355,976358,1018635,968785,937645,960852,952219,984850,1024148,1030943,1071510,1036749,1082861,1131061,1089473,1022084,1030519,1046446,1058322,1114943,1124105,1127033,1144162,1075831,1145799,1126168,1133391,1094728,1077674,1088574,1091833,1148497.59,1155595.39,1177071.03,1193798.6,1185833.21,1195463.9600000002,1190399.02,1234282.59,1156175.37,1085147.16,1082377,1108803.7000000002,1161919.68,1151431.51,1209239.73,1147570.1,1116616.91,1209335.5,1206262.72,1199732.3,1143090.93,1112561.9500000002,1121990.2,1120880.9300000002,1181469.02,1199775.9,1236798.62,1181524.4200000002,1171701.37,1253395.28,1199923.32,1197707.05,1144438.06,1104780.51,1101480.1099999999,1121227.22,1171953.64,1199843.18,1238883.97,1167829.48,1159521.5,1190835.25,1171049.07,1159272.15,1130063.85,1091636.63,1120616.71,1121092.38,1233056.32,1260062.43,1269813.48,1195509.41,1179616.2,1267705.57,1216641.17,1272314.45,1155220.92,1164004.65,1129232.26,1114402.44,1260933.39,1265412.35,1334160.06,1223831.4,1198410.97,1273389.95,1155340.3900000001,1146723.49,1066854.22,1133297.4,1134346.5499999998,1160147.1,1243890.03,1213289.58,1203361,1317871,1240774.15,1310438.59,1296626.15,1223606.23,1202780.12,1185446.13,1214305.02,1215559.53,1317791.71,1316856.53,1370287.45,1302545.96,1289259.02,1336870.6899999997,1284132.5399999998,1293926.5,1202894.16,1172330.81,1188503.4999999995,1209734.8299999998,1239237.04,1268497.8700000006,1256072.7699999998,,,,,,,,,,,,
Alagoas,285489,266555,259855,289626,284219,284384,282241,281415,279917,290729,289596,296464,309966.34,299491.17,305007.01,309318.63,302801,289531.8,290315.09,308549.37,307224.06,275948,327416,314279,306138.52,304670.45,326531.43,325870.57,258974.26,275229.16,271425.04,295097.75,291495.49,311416.97,318256,317105.16,331620,321780,307461,311332,281633,313838,303033,309509,287191,312799,337471,329131,350434,330540,339146,328117,322019,304535,312631,315364,317375,305693,339425,342853,328802,329233,317468,324488,310678,297073,290755,303074,318049,308165,326496,327809,338838,335503,344091,355768,343299,343200,322066,327794,323338,336261,344464,290745,330437,271114,312698,361828,272261,289297,332757,329927,343981,339036,350298,348817,370485,369687,402441,382239,355381,353065,360269,371283,349340,337458,389893,405480,411002,400264,415806,421754,393182,394406,381462,379761,361840,395560,387546,443986,445792,401345,422230,417985,408470,391283,399265,396213,401275,394429,422006,449320,433782,384767,423939,427810,401446,401050,389205,383573,395306,421944,413527,434131,417484,392439,426875,380810,414658,379631,394384,402411,403866,412677,420779,434492,427887,393159,454024,413951,401121,400813,392453,414223,388209,419759,424648,429615,363862.31,304520.46,322656.16,411156.48,410880.48000000004,389411.16000000003,415725.31,391495.88,390713.5,443636.62,438532.64,426137.22,435557,377864,382951,371636.8,343603,280361.3,285085,292195,303692,333298,352297,369786,363840.16000000003,346822.52000000014,342567.3500000001,305528.3599999999,298573.53,299552.33,299379.76,292009.35000000003,307649.12,334010.82000000007,378960.96,379312.77999999997,370294.25999999995,370730.54000000004,422550.65,384516.47,395339.98000000004,346058.04,343629.29,371393.12,393964.88,392822.27,391537.22000000003,451873.46,430751.32999999996,436150.74,463232.67000000004,421028.06999999995,362192.19000000006,358800.64,427855.52,427756.55999999994,394730.82,411108.03,409213.85,427641.25,,,,,,,,,,,,
Sergipe,192207.02,182026.13,195611.08000000002,204065.06000000003,186831.21999999997,193240.76999999996,197780.39000000004,193385.83000000005,195500.37000000002,200142.80999999997,210695.10000000003,214853.76,210817.91,200082.32,215087.18,215037.36,207359.34999999998,210641.00999999998,200148.48,199759.59,209592.59,222470.44999999998,226572.43000000002,225130.43000000002,219440.4,215680.88,226488.55,223170.49000000002,222264.52000000002,217248.83999999997,210868.11000000002,221196.36,220819.51,221416.56999999998,229038.37,235173.77,236684,226878,228456,237218,214106,218709,225131,231101,227699,240213,246824,248396,248582,238929,246965,248215,240444,229893,237046,236239,238227,252558,254362,258484,252691,256555,255365,265145,241379,242549,235273,248226,249475,273267,269742,276794,271155.35,259446,283947,269851,275464,267938,271993,263402,262638,282157,290852,296006,295108,263783,299582,293098,291017,270766,283904,286760,288039,297012,295341,309185,307050,295292,319658,309597,310543,286796,293251,295363,282742,303260,301051,317110,325139,320185,332197,330850,315944,309203,311934,309774,304131,318073,317644,329495,340330,345739,336085,327779,318018,303435,304970,312992,321521,328732,318516,323207,351789,339156,345076,342466,322296,305600,294969,294801,303139,315159,313364,318940,324420,318336,331494,318932,312118,303511,301680,302970,308145,309480,328619,323824,324932,311415,332415,320254,312519,293722,283428,281724,266855,297473,319739,323097,334457.70999999996,315118.99000000005,327619.5800000001,321357.47,307917.72000000003,289027.36000000004,293250.36,301574.99000000005,298990.26,314482.33,317122.13,320103.72,327813.7899999999,309418.64999999997,315620.07,312747.17,325235.4799999999,296119.77,287039.58999999997,286434.969,294894.8,306282.01,317830.88999999996,325548.39,322040.93,326873.87999999995,326673.49999999994,283494.5,295797.00999999995,274455.75,272708.11000000004,282656.99,296041.09900000005,314489.67,319713.55,327218.81,326570.23999999993,314869.43000000005,344441.28,335156.85,319752.9,302275.61999999994,311283.88,309553.38,315015.79000000004,324440.06000000006,324245.74,346052.84,327439.55,329875.88000000006,350723.29,330062.39,329422.72,294651.4799999999,284559.04,310377.1,310972.59,326835.25,325683.86,339707.3,,,,,,,,,,,,
Bahia,1444451.4900000002,1344183.83,1393925.45,1419046.03,1436199.3900000001,1424739.2,1434806.72,1420586.98,1457221.9100000001,1473942.6,1495174.0100000002,1503809.7,1520662.46,1442667.02,1439330.9100000001,1478858.47,1520019.83,1447071.15,1514701.02,1501307.31,1505433.38,1520260.39,1512473.6400000001,1526993.68,1543146.41,1470255.15,1563545.5900000003,1494710.9900000002,1509377.73,1482737.7300000002,1479518.06,1544336.77,1540715.8399999999,1569502.21,1550968.17,1514805.54,1582825,1447740,1506431,1574007,1611848,1582049,1635476,1634423,1637484,1723005,1721054,1719455,1752197,1659685,1662199,1693110,1791863,1677496,1689346,1718424,1732150,1799295,1670664,1593667,1542315,1548413,1737341,1634487,1520184,1540346,1613806,1695018,1739886,1780992,1666847,1830503,1716692,1726367,1928878,1753813,1826508,1818018,1777545,1747253,1781629,1840274,1813748,1810381,1757892,1594763,1824507,1730107,1788288,1712753,1753737,1809286,1748654,1772267,1710019,1757126,1810031,1715223,1899074,1825842,1903593,1714476,1762030,1828341,1837674,1876163,1811417,1827496,1935486,1868881,1997132,2066218,1961571,1803275,1970520,1900552,1889354,2014150,1973543,1941005,2032130,1962083,2070030,2075100,2057781,1962626,2050954,2064288,2086052,2146426,2146305,2091206,2086183.68,2012148.6,2120682.07,2077299.82,2069074.3599999999,1955895.09,1895443.29,1925103.31,1894249.99,2011883.06,2012012.34,2089120.58,2005205,1912580,2144824,2003056,2052298.63,1988550.85,1897585.85,1939835,1955652,1989559,2012128,2044138.91,2080947.87,1927898,2103181.25,2018858.28,2065445.92,2039101.95,1977196.67,1980862.49,1928948.59,2104313.84,2050618,2054081.07,2094036.95,2000892.39,2075772.3800000001,2098355.7300000004,2100432.84,2053311.19,2048945.15,2090199.0099999998,2018557.88,2165217.83,2209672.08,2136708.62,2174958.8400000003,2122425.4800000004,2299390.96,2145126.5300000003,2249368.7,2083293.6299999997,2097965.18,2007274.4000000001,1996430.6299999997,2209881.6399999997,2220143.67,2313488.03,2220478.93,2126194.7699999996,2175761.08,1996944.7000000002,1965223.5999999999,1935090.22,2053476.6400000001,1953518.5800000003,2078040.2599999995,2251744.4700000007,1996711.37,2072111.2899999998,2308678.01,2174669.85,2222090.41,2229399.7199999997,2116260.59,2133412.84,2131956.08,2107448.24,2078646.3099999998,2263469.96,2215322.76,2217221.04,2127313.19,2088174.6099999999,2252574.0600000005,2192505.7300000004,2245891.92,2175250.4899999998,2181530.9899999998,2177446.3899999997,2152900.1799999997,2220864.6799999997,2293706.9899999998,2134905.0199999996,,,,,,,,,,,,
Minas Gerais,3732811.2399999998,3582369.94,3605412.32,3668628.5600000005,3692795.02,3769021.14,3739868.62,3803148.9299999997,3895351.6300000004,3885073.22,4019478.059999999,3914811.72,3824588.18,3749508.55,3686301.9,3952141.13,3770817.36,3717822.1,3711710.0000000005,3919031.48,4037669.62,3843654.16,3891791.34,3887556.0599999996,3708988.21,3696699.7,3621786.53,3808440.19,3740285.17,3848372.18,3777480.82,3858993.89,3944751.62,3829095.29,3958582.6500000004,3773494.51,4040359,3981488,3917893,4158376,4175550,4134851,4049422,4171542,4253615,4221229,4334405,4191547,3910849,3648135,3973471,3852696,4100530,4163045,4161299,4273051,4261035,4261176,4321299,3732483,3550614,3387650,3462360,3694956,3641730,3646282,3651841,3956382,3986793,4000667,4105075,4007135,4076332,4038372,4113813,4273730,4206896,4298603,4267568,4407727,4477944,4438271,4386766,4326835,4431243,4304659,4338168,4448708,4398160,4490762,4473325,4589082,4671256,4553910,4517981,4393456,4290700,4344385,4483034,4537603,4374497,4444059,4369614,4521364,4591928,4606163,4634519,4209191,4490111,4194013,4231557,4453607,4492794,4525377,4389860,4670642,4681220,4579565,4720019,4470119,4557459,4749168,4315704,4517861,4508094,4492649,4457843,4525439,4452441,4579315,4689444,4327218,4490375.79,4590876.53,4307554.69,4463240.88,4307339.63,4318477.64,4234924.47,4403513.17,4433693.19,4504864.34,4533535.72,4228408.04,4301269,4340956,4303480,4667026,4538198,4641623,4402989,4549837,4715825,4618801,4619249,4402963,4444518.54,4528533.42,4444534.72,4645865.92,4420911,4550751.03,4452092.2,4487171.26,4585258.89,4461929.27,4759310.05,4459524.72,4716736.49,4551118.029999999,4688540.46,4771308.41,4637059.05,4611536.749999999,4661887.55,4800722.01,4727227.35,4907742.78,4787556.850000001,4610334.69,4834920.639999999,4627720.839999999,4691696.629999999,4613124.810000001,4676584.81,4562744.499999999,4604422.659999999,4653787.129999999,4648202.5200000005,4687749.1899999995,4793789.3,4501611.91,4708762.18,4585062.95,4667379.970000001,4332063.3100000005,4348680.28,4265841.47,4541210.7,4832243.72,4701370,5240759.31,4857917.9799999995,4694334.8,5109304.23,4734986.760000001,5061234.350000001,5087759.83,5026528.06,4994938.859999999,4985129.64,5107975.88,5116228.400000001,5200977.6899999995,4998163.959999999,4950735.51,4956469.609999999,4643783.180000001,4923261.419999999,5122030.47,5182129.180000001,4855574.75,4913602.97,5015926.449999999,4888349.2,5300689.340000001,5017500.97,5058389.91,,,,,,,,,,,,
Espírito Santo,607655.14,583260.07,599525,583307.17,586400.86,571593.4400000001,585851.5700000001,589390.09,598050.5200000001,609691.6200000001,604979.1699999999,614381.1799999999,631196.92,598997.15,638275.4499999998,634949.14,629676.3300000002,628663.9000000001,622957.49,636703.58,645068.81,652504.2999999999,641410.7799999999,645852.5099999999,657079.7499999999,669631.94,700442.11,669347.03,661887.01,652583.1299999999,642793.5,689823.6200000001,672782.2799999999,669620.48,669217.2200000001,667104.8300000001,695639,677737,721907,726746,715984,677187,670610,697445,677804,704127,751833,727315,727416,693553,712044,712944,749627,733014,732777,751894,750252,776778,693222,568682,552533,587741,643515,630070,568841,628850,706460,718540,706689,752251,717707,757054,792152,805964,798245,790249,768770,765113,755833,735415,782492,788196,772124,831500,836939,835409,860493,820935,805575,786254,797325,810375,802058,784101,791770,836329,790622,816871,911314,855676,842103,846190,833471,839709,800835,830865,855751,836625,917588,870642,890742,888607,883565,843569,830160,888651,813601,875198,899785,890301,912823,938153,936516,902306,893521,884650,876534,902608,883056,948349,929947,916695,1012049,965446,991973,945709,909766,875898,881198,892164,878520,936899,863046,862263,807264,893867,926756,900365,857446,754158,758488,746928,797596,806660,792870,794011,863229,844460,873491,848699,812069,792786,733724,767689,785964,819991,837325,805656,859595,842803,932746,840530,820372,790173,805174,857231,829081,856164,876846,889237,897114.36,929908.91,967885.82,884073.9800000001,900083.3500000001,840801.2800000001,795168.9500000001,836492.8700000001,853045.37,841266.6900000001,867730.06,849231.17,816331.99,842430.27,886188.7100000001,772442.4800000001,766204.7600000001,755058.81,787970.9400000001,812456.35,864449.44,852071.55,846478.4600000001,911064.6799999999,937186.7799999999,863494.54,899993.29,865260.9500000001,871202.4799999999,884022.71,869763.1599999999,853937.9599999998,888786.8900000001,935817.68,854372.88,862080.2100000001,866794.53,877035.7100000001,1004261.29,936969.2399999999,948621.6599999999,847783.4700000001,825604.82,890855.4199999999,888376.5199999999,892971.7999999999,892075.62,854789.81,,,,,,,,,,,,
Rio de Janeiro,2612753.0700000003,2630033.87,2582060.82,2626340.4400000004,2530944.98,2366320.4199999995,2466119.02,2407957.8200000003,2494812.1999999997,2567499.5599999996,2572550.2299999995,2677810.9400000004,2757857.94,2588172.18,2658663.97,2854588.52,2668163.2399999998,2640653.24,2544681.5999999996,2593486.44,2780127.96,2637308.45,2714012.2800000003,2789956.28,2688250.37,2868408.51,2769129.76,2816916.29,2646725.1,2480632.29,2647172.01,2648540.61,2561062.84,2675694.11,2751918.81,2839134.5300000003,2842070,2747046,3138732,3048772,2783099,2548962,2518461,2604039,2706574,2697345,2811192,2804883,3031344,2835148,2930457,2908052,2860706,2623702,2683517,2754181,2723433,2818813,2870700,2682604,2806552,2843791,3033619,2802093,2662822,2513134,2609791,2524642,2680420.1,2783854,2927367.4,3122783.2,3151953,3139591,3168627,3048699,2934284,2800016,2749060,2800297,2877657,2989601,2899863,3241549,3426819,3374945,3332754,3178616,3093268,2800369,2798556,2927856,2970902,2995310,3031056,3077474,3173443,3264757,3471911,3252302,3132865,2956888,2974900,3061913,3031541,3129584,3313146,3286284,3562551,3343786,3507903,3326802,3210906,3134274,3101801,3109526,3120243,3301665,3346144,3403576,3713671,3938200,3811016,3480776,3283653,3180966,3078482,2962505,3146616,3398400,3456686,3482597,3959162.46,3806013.34,3819182.72,3535738.14,3326824.48,3171546,3101487,3204603,3093498.82,3330141,3398824.38,3381918.9,3727729.68,3524041.04,3600511.62,3642531.2,3327946.16,3024187.86,2930817.38,3105099.76,3153057,3235420.9,3262119.46,3369976.88,3708164.72,3587150.72,3797915.24,3285943.4,3134241.02,2966468,2870511.46,2928953.07,2864156,3185710.04,3215200,3337756.38,3614646.1400000006,3368689.17,3741054.91,3625511.5499999993,3321233.6799999997,3067867.3600000003,3056282.4899999998,3069855.24,2972127.5500000003,3285041.1100000003,3192127.6,3384892.9799999995,3799432.93,3535568.44,3649936.03,3309926.2199999997,3378074.34,3020415.67,2930184.17,2956017.08,2969825.45,3163290.71,3347955.7,3182884.02,3563646.33,3467969.1500000004,3457625.7,2910749.3200000003,2811955.1799999997,2739827.3999999994,2845924.8999999994,2960415.6,3112446.67,3393962.6500000004,3254219.37,3599914.9499999997,3511320.5,3452740.2399999998,3583540.33,3404422.8000000003,3097000.3000000003,2974093.27,2844570.1400000006,2916071.9499999997,3106544.38,3077992.1900000004,3061525.52,3216642.4000000004,3296394.24,3572265.9799999995,3683610.43,3487074.3500000006,3149143.6300000004,2889498.65,2894465.5799999996,2982072.96,2870936.9499999993,2969855.6000000006,3051253.03,3250769.9999999995,,,,,,,,,,,,
São Paulo,7976304.95,7919049.63,8116797.54,8623046.79,8096487.8599999985,8191582.41,8302446.250000001,8389078.030000001,8605471.39,8777612.760000002,8607786.72,8543644.110000001,8304845.290000001,8220376.9799999995,8533406.549999999,8862728.809999999,8513306.500000002,8646727.75,8629769.350000001,8689295.129999999,8929122.44,8941381.639999999,8842228.52,8793529.42,8641301.879999999,8944077.469999999,9181858.35,9199514.92,8836937.239999998,8988295.41,8914260.190000001,9154711.66,9255669.44,9278987.860000001,9342904.799999999,9409914.3,9121802,9209088,9510010,9827478,9615895,9529489,9351049,9497706,9947517,9865949,10085835,9897567,9488024,9911891,9677959,9811222,9866399,9660684,9874403,10204766,10134297,10375220,10278890,9676080,9214649,9371351,9792071,9900411,9626758,9541853,9687787,9958879,10143086,10321748,10308778,10314990,9663701.3,10129496,10441231,10712444,10330242,10348972,10164016,10713193,10842141,10602030,10650754,10906375,10552693,10703256,10859434,10920772,10611977,10660149,10662422,10921830,11309407,11051807,11037897,10990541,10660653,10913915,11364583,11650105,10895073,11095936,10584206,10970145,11480038,11271363,11682165,11174076,11119636,11367043,11277016,11428432,11324556,11149435,11009688,11169268,11412271,11569135,11800025,11617828,11520387,12137492,11719364,11550632,11382926,10734862,10698491,11047754,11046894,11378892,11892033,11372078,11481676,11507491,11031343,11270450,10752521.52,10386669,10315312,10584714,10513696,11042641.6,11041426,10886792,10477738,10736196,10780606,11310303,10579537,10231620,10296693,10309737,10572897,10486686,10687240,10701418,10670245,10623763,11056750,11097089,10518038,10549509.24,10436004,10318003.76,11114087,10974953,11103566,11145069,10887386.83,10926989.389999999,11490611.560000002,11495435.81,10957759.079999998,10709582.93,10749434.640000002,10650379.12,11071282.270000001,11061220.930000002,11297898.22,11137050.02,11434469.570000002,11491323.22,11316811.230000002,11020534.299999997,11232260.049999999,10556818.100000001,10369811.739999998,10453847.49,10820948.91,11478577.709999999,11613563.83,11059424.079999998,11068761.68,11098978.029999997,11209896.66,10049424.75,9451274.92,9555173.65,10206009.47,10719591.76,11106811.280000001,11737613.12,11418747.599999998,11602166.410000002,11939883.409999998,11511040.980000002,12444223.320999999,11704463.110000001,10958863.92,10898785.8,10828769.299,10922857.720999999,11552699.900000002,11581096.32,11322958.200000001,11694461.549999999,11401892.010000002,11344153.319999998,12021101.561,12117308.099,11459334.86,11121389.1,11259600.459,11434393.370000001,11516728.520000001,11324524.479999999,11573624.950000001,11706579.620000001,,,,,,,,,,,,
Paraná,1596274.29,1635576.0399999998,1656643.7600000002,1691910.1400000004,1656608.6500000001,1621651.9999999998,1621327.4900000002,1658482.0899999999,1696237.39,1669722.79,1684955.5699999998,1683515.15,1636130.75,1673422.71,1723700.0799999998,1791900.96,1712425.68,1698767.05,1666263.5100000002,1696737.65,1702889.06,1702747.9399999997,1735832.6999999995,1734920.9600000004,1750081.32,1774675.7600000002,1765044.25,1799544.01,1733138.79,1749989.4200000002,1739522.1799999997,1805138.0200000003,1750717.4699999995,1771832.3200000003,1837187.36,1796792.3699999996,1773870,1824654,1847893,1901519,1836409,1817184,1801200,1866616,1881115,1933111,1928311,1919298,1909381,1941214,2012508,2013054,1903886,1954415,1939921,1983061,1998583,1991120,2010478,1953644,1875844,1924896,2049129,2062760,1877317,1957259,1954059,1998447,2007916,2022153,2068548,2105564,2058913,2147314,2141351,2160529,2065597,2075374,2073941,2118638,2153171,2095805,2108976,2155750,2140007,2233949,2213496,2211843,2276314,2165004,2186187,2220802,2272776,2244449,2184000,2205573,2230287.2,2331386.48,2374938.29,2361518.31,2219404.88,2229694.28,2219518.29,2304229.82,2355371.95,2312552.67,2421205.56,2430170.41,2308359,2420953,2407779,2383390,2373965,2387988,2358950,2461365,2462263,2437738,2502600,2523749,2458363,2735042,2523758,2564776,2411518,2451886,2391559,2500353,2520244,2529279,2683095,2617083,2554074,2680958,2526254,2569563,2422206,2394799,2384649,2437625,2436549.35,2482648.64,2495991.64,2475701.02,2413368.92,2591840.82,2545457.59,2648076.88,2487965.48,2395877.1,2393107,2384019.8,2384015.4,2371816.59,2488769.66,2493576,2517644.2,2621158.57,2705931.56,2685501.42,2449021.05,2484284.8,2443806.87,2525365,2577527,2567293,2553567,2594442,2597921.55,2641220.21,2774410.42,2799802.75,2588553.5500000003,2529852.26,2599183.1999999997,2648910.82,2580034.8200000003,2659986.1900000004,2666667.2199999997,2733270.21,2823330.12,2846534.8800000004,2776859.6300000004,2763992.6399999997,2711983.6599999997,2649566.29,2685274.0100000002,2661877.47,2642202.3510000003,2814967.1,2829198.37,2718845.2200000007,2784091.7500999994,2876365.4700000007,2870450.589,2588180.74,2538501.06,2494407.3500000006,2587339.909,2652281.5500000003,2742618.21,2906001.4099999997,2880129.7999999993,2946795.19,2954564.7200000007,2844204.35,3026015.63,2963862.75,2814562.4,2734025.89,2761628.8310000007,2844409.0290000006,2817034.02,2894959.3809999996,2882110.2510000006,2981306.1300000004,3068278.33,3121399.7,3238451.639999999,2966774.04,2914616.18,2860978.8090000004,2866398.48,2913317.909999999,2863952.91,2852701.76,2865578.28,2937494.6701,,,,,,,,,,,,
Santa Catarina,1132926.27,1230305.3800000001,1300745.9,1215161.08,1223449.92,1160112.9300000002,1195777.6800000002,1212734.2,1190300.78,1192551.25,1222754.73,1221422.9299999997,1214278.9199999997,1294827.79,1321788.7,1325591.9699999997,1263147.5699999998,1253765.33,1254671.22,1256271.55,1220737.63,1244189.3499999999,1246288.0899999999,1275985.0299999998,1238641.65,1360618.68,1419444.3,1334744.73,1242691.55,1290829.8599999999,1290985.97,1302916.3900000001,1303078.33,1286742.8599999999,1346842.3800000001,1306778.5799999996,1362163,1437507,1469772,1447152,1404096,1380165,1366450,1393202,1393442,1393953,1434154,1397757,1389360,1528402,1534687,1491938,1470604,1414275,1455747,1502269,1455077,1480680,1475054,1383996,1359582,1449885,1515326,1481664,1414260,1363586,1384008,1391198,1384063,1432272,1508486,1495813,1516949,1530630,1686436,1579814,1537491,1482943,1491915,1505932,1511405.5,1468780.46,1523167.69,1514460.69,1677012,1760373,1775367,1687268,1651681,1649741,1653418,1679848,1668117,1693720,1675144,1714150,1701910,1887111,2003586,1815185,1809555,1717361,1740870,1782659,1740005,1760339,1803694,1826643,1844293,1936567,1939715,1837255,1857522,1816725,1867777,1866410,1764130,1897175,1922278,1857726,2055710,2236666,2075903,1947688,1951855,1838916,1869696,1918648,1869948,1978089,2055521,1995312,2057739,2171981,2041595,2036834,1891662,1860777,1771310,1876764,1800934,1847035,1881123,1810973,1980442,2081694,2018153,2111424,1933793,1865378,1887575,1888309,1892943,1856306,1918403,1872287,2106360,2192944,2282849,2016226,1894207,1945023,1937357,1984645,1991061,1982726,2019396,1991491,2115002.6599999997,2207483.07,2212759.61,2152420.6500000004,2067675.22,1983290.6700000004,2004847.5800000003,2013143.58,1999158.9500000002,2046060.2899999998,2075635.68,2057988.81,2366933.0200000005,2428999.29,2264792.4600000004,2198896.0000000005,2148278.85,2018530.18,2020747.2699999998,2090980.45,2055544.08,2143027.8699999996,2206721.6500000004,2127307.63,2358135.86,2447663.95,2268806.86,2040335.2800000003,1921807.3400999997,1935097.5300000003,2072794.4000000001,2095289.4800000002,2204852.26,2254611.86,2282239.4699,2333256.5000000005,2328407.7800000003,2389289.7,2532555.639999999,2454124.4499999997,2249071.04,2213764.76,2281866.9999999995,2308017.3800000004,2259320.19,2243840.8,2300041.2800000003,2324239.0600000005,2548901.6599999997,2587952.71,2687461.7499999995,2395583.17,2323248.07,2312349.6900000004,2304648.5700000008,2328345.14,2287205.4499999997,2293927.88,2323901.3299999996,2377770.58,,,,,,,,,,,,
Rio Grande do Sul,1780912.48,1824346.44,1941380.7400000002,1966239.9200000002,1842967.5900000003,1774798.6300000001,1781687.7200000002,1781966.1500000004,1767873.4100000001,1728423.46,1621708.9300000002,1760276.28,1959006.52,1998335.3599999999,2024384.4300000002,1879515.21,1824247.33,1807791.4100000001,1803627.33,1790649.79,1730504.55,1721825.06,1766221.6400000001,1937836.8900000001,1938876.8,2051927.8899999997,2027020.8400000003,1928254.1300000001,1831310.6600000001,1838966.4900000002,1816864.9499999997,1849906.6,1787706.6300000001,1793809.32,1859919.52,1971304.32,2067396,2089776,2106394,2055988,1979336,1917258,1889248,1934827,1883284,1913330,1932445,2016108,2192337,2219931,2176639,2099352,2007848,1999591,2023359,2034853,1959089,2009662,1955553,2028391,2044046,2090359,2178157,2127132,1974863,1940198,1976978,2002543,1970645,1986525,2014782,2138006,2222844.31,2301403,2372198,2241920,2127813,2094302,2141084,2130929,2046986,2063721,2126412,2359020,2468114,2510085,2447083,2284122,2219989,2196426,2242206,2276926,2192972,2180545,2186602,2424478,2421080,2594285,2647592,2358278,2112787,2233066,2228516,2304592,2244852,2178926,2318992,2468466,2464451,2595215,2486459,2351478,2382185,2293653,2317427,2469443,2346568,2319961,2424648,2504511,2819014,3047886,2682263,2495016,2431557,2336413,2378705,2453773,2397223,2415336,2526220,2654190,2718925.3200000003,2812330.3,2711005,2629654.6,2369742.3,2312310,2290581,2334154.5,2256526,2231655.2,2259580.9,2318117.2,2584580.41,2733442.7,2696377,2566665.6,2437728.3,2382880.7,2384757.9,2337468,2310765.1,2224262.6,2283125.3,2579006.4,2683442.1,2706643,2856375.7,2574112.3,2347968.2,2375668.4,2369975.3,2370089.3,2412649.5,2328031.1,2359704.6,2542694.7,2813700.11,2722823.25,2784789.0299999993,2575168.67,2534037.9,2387729.9299999997,2445925.15,2479534,2376142.5,2381208.9400000004,2431205.17,2485723.6000000006,2810371.92,2855562.11,2725776.3200000003,2507996.8600000003,2514618.88,2390237.45,2375163.5100000002,2417116.4400000004,2334206.1999999997,2388739.12,2484909.93,2620849.5500000003,2838248.16,2796166.9699999993,2811156.12,2452791.4499999997,2211861.74,2136854.91,2319296.25,2362432.56,2316033.0199999996,2358808.04,2454481.2399999998,2562842.0199999996,2834285.55,2738598.3299999996,2699319.1,2696947.12,2516268.32,2382672.3,2428787.98,2459378.95,2272740.1099999994,2308305.67,2429302.85,2590763.59,2901066.0899999994,2851325.71,2862744.3099999996,2561224.37,2313376.28,2435786.7600000002,2474360.159999999,2406258.77,2401787.4499999997,2285459.2,2408376.33,2710954.33,,,,,,,,,,,,
Mato Grosso do Sul,272917.41000000003,270613.42000000004,278720.54000000004,290653.11100000003,267345.28,251956.72999999998,251231.94999999998,270452.76999999996,270627.76,278831.72000000003,272868.24,286730.51,284291.18100000004,267508.94999999995,300899.28900000005,307086.05,290130.14,269369.27,260204.37000000005,260890.62900000002,273153.96,270465.99,278946.41,283976.42,279925.76,282430.6,290346.63999999996,295096.35000000003,266609.66000000003,260415.08000000002,265042.95999999996,276585.49,272468.5190000001,282904.97000000003,295569.04000000004,300343.51,290614,288539,304444,316217,293543,266893,273659,273494,292190,307795,304412,312955,288472,295967,304564,304043,298123,276653,280341,307576,315694,310451,334177,322680,306892,310382,331479,353834,332116,293793,286498,294135,305141,314098,332726,345613,327164,331736,348662,358592,328538,304394,318249,322370,345193,336921,336978,358510,352957,352051,363169,372480,356284,327596,329247,352590,367021,366337,371182,391250,383280,385445,404147,390820,369896,350709,345833,378165,399344,408924,434131,443258,429745,429336,434796,427766,414597,402230,383320,410815,413887,428395,457463,465456,452981,463726,451119,449650,425993,393056,401400,421328,447608,478585,488993,470924,486630,477913,473577,465487,423792,399567,394509,403744,441157,459752,466835,444863,448502,461606,468871,480899,432614,388727,384434,416066,416888,435807,455027,456702,479908,468162,513131,473843,440353,426459,405929,445436,476137,482407,481266,476289,493201.93,486456.54000000004,514369.27,527987.4,498361.81,433947.86999999994,441261,456398.61,430360.44,488242.46,498021.19100000005,496348.80000000005,546145.3300000001,558347.2999999999,523157.86,512853.67,506660.93000000005,454805.24000000005,455605.62999999995,469432.95,497619.92000000004,529217.3300000001,553855.91,534368.12,525224.7,557531.15,570017.18,523702.5999999999,482955.3400000001,442767.28,463641.42000000004,510784.1500000001,538895.51,566296.3609999999,525311.68,563670.72,557996.82,517316.4,563738.18,575987.9899999998,510356.65,488699.0200000001,467458.91,483552.60000000003,542711.0599999999,543038.07,531198.1799999999,559317.79,573050.2000000002,555124.23,606478.7299999999,548453.25,504036.79999999993,454668.02,479698.38999999996,511535.73,502063.50000000006,514717.04999999993,518191.6199999999,533020.78,,,,,,,,,,,,
Mato Grosso,292173.45000000007,296942.39,332886.99,353039.55,328933.88,328386.12999999995,353610.67999999993,344131.23000000004,364076.28,362464.59,346869.63,344088.28,311955.86,332028.3999999999,370910.33,376985.07000000007,366865.72,369295.54000000004,371866.73,362958.1,381699.57999999996,364609.74999999994,359360.43,352507.85,322865.04,352411.08999999997,372387.52,369401.45000000007,338953.42999999993,353588.12,369394.95,383804.44,392503.68,386879.45999999996,384119.96,372736.17,351185,374711,403350,415005,399434,380684,405480,410786,428512,444506,409820,391390,374025,389138,419658,420074,409064,422938,445126,465079,493247,480072,468569,437229,414707.2,433016.01,469019.01,458656.5,462282.3,445551.45,478149.23,481842.5,492860.71,497430.74,462376.6,444429.6,440422,435924,505026,483219,485674,476234,494398,476471,510736,525271,485645,466670,444178,449033,521621,510308,515724,502477,513949,551716,584578,585531,553710,545194,483515,511362,558428,550194,560115,539218,578595,596089,610653,652960,615788,581115,568878,560792,614170,618854,611224,615673,650483,646416,637021,685951,659978,640158,570275,596780,635288,653297,667553,640633,668149,694329,729305,774300,726365,669071,619885,634099,666828,665591,640416,654879,661650,687261,739218,744850,705889,691676,623158,656234,692601,708787,661121,650785,659836,702379,688823,686056,667997,630231,628327,657465,706312,698378,709430,713467,693316,727634,814280,778714,735574,712264,671485.7600000001,692541.5700000001,742591.4199999998,711946.0199999999,740429.7200000001,679850.33,732467.7200000001,737807.8200000002,787125.8800000001,817026.52,789603.9900000001,738774.54,731321.28,741401.16,761091.8200000001,757312.41,770619.2,748311.9199999999,777471.04,795043.8499999999,876336.48,859615.07,832511.65,807016.7000000001,754832.4699999999,797215.1799999999,806474.7899999999,768116.1499999999,764911.2900000002,724104.1299999999,798764.8400000002,800466.22,866830.5499999999,947157.71,904893.0900000001,866205.77,749462.49,791542.17,827515.7500000001,758897.2100000001,771687.2500000001,805581.1900000002,775535.52,827059.13,912263.6799999999,905861.18,823229.59,821405.4600000001,768706.9800000001,749861.5899999999,831955.3099999998,821177.6499999999,818620.0599999999,813560.8699999999,828628.6,875856.4699999999,905676.0499999998,886343.3500000001,836810.53,848254.9799999999,,,,,,,,,,,,
Goiás,630624,602529,622783,644083,654000,687091,688157,716152,750537,746582.59,649537.37,658675.73,651985.92,646489.61,650791.23,706733.06,692305.12,687207.52,751589.77,752015.5900000001,764605.8200000001,752864.8200000001,742612.37,672949.33,678989.95,684590.71,685898.83,701304.1100000001,712578.91,729131.21,735545.9700000001,772086.03,754545.9199999999,758927.23,701107.6499999999,700696.77,773375,702031,720266,779097,777485,750637,749426,783267,762023,798866,756981,707190,754671,754858,732629,773211,852742,861184,822396,867613,872903,893554,891862,791294,793156.6,785803.7,809246.5,864139.3,840587.6,841949.5,883904,925403.1,912528,931116.4,882384.2,833401.9,847510,863947,843703,889239,913241,946712,906370,974742,974159,952986,907340,885328,853675,878659,907755,928491,966725,975965,974878,1008945,1101521,1088673,1018527,1002578,1025242,1035071,1050279,1072537,1107078,1073841,1036234,1088425,1135062,1171214,1108416,1100979,1072872,1040568,1040502,1089181,1137267,1113945,1142143,1222289,1209575,1189569,1213001,1143694,1141475,1162140,1100124,1199725,1188560,1205474,1133456,1244282,1277995,1263521,1220459,1100654,1188181.79,1265098.38,1113502.95,1151691.84,1238878.46,1218862.73,1204974.37,1265808.64,1338501.55,1419854.05,1378814.88,1246621.89,1220167.99,1203565.5,1210771.53,1326183.68,1263419.71,1258903.79,1269894.84,1273859.49,1309765.5,1302076.13,1267799.74,1172245.17,1264789.73,1193990.01,1226113.4100000001,1291812.6500000001,1296381.08,1292481.71,1270414.35,1275681.86,1366668.23,1324609.13,1347522.43,1216151.07,1241869,1210057,1276484,1318174,1263527,1316031,1345905,1449005,1402386,1451999,1344431,1404295,1351944.4399999997,1361447.7199999997,1311973.09,1300304.64,1360496.75,1337363.42,1351421.88,1370533.8100000003,1462048.1099999999,1510877.99,1432740.6800000002,1351971.8800000001,1359704.91,1335387.1099999999,1331066.7600000002,1327202.6700000002,1321664.57,1310533.84,1338281.59,1425546.07,1469360.97,1575476.4099999997,1444323.2600000002,1465461.5000000002,1355766.11,1352800.39,1373967.2299999997,1415077.0600000003,1422651.6300000001,1479913.9000000001,1417019.27,1397757.9799999997,1557673.5600000003,1594169.08,1476136.08,1481524.73,1385565.2,1378542.42,1394521.1599999997,1487294.2600000002,1494219.9900000002,1471586.4000000001,1476349.8199999998,1482117.4399999997,1555197.4299999997,1561111.7999999998,1552338.0699999996,1524158.55,,,,,,,,,,,,
Distrito Federal,311459,285928,300453,322911,315509,309763,318750,314954,341926,355619.64,335532.11000000004,345619.02,336585.45,323650.81,327710.56,335980,323056.36,338616.02,342279.49,341207,353607,368043,361834.78,350343,334796.16000000003,347621.17,347386.77,375398.04000000004,366130.3,344552.32,341656.34,352386.8,384076.28,367571.08,379446.9,368599.69,362695,355954,366255,403580,379917,384551,380616,384549,397029,408005,406806,401119,394358,391638,377687,410550,410493,411509,398730,402148,426276,440025,443070,414038,425842,407421,420335,440203,430511,426395,424463,434027,455745,461821,450349,468621,457229,439139,471306,457370,463360,472832,446845,465949,484181,478401,481463,484131,485752,476577,468586,499558,508086,472184,497642,496002,512108,507069,493587,500796,477702,483735,505887,518193,520282,523866,495934,518227,528131,539644,550607,519158,536145,528037,527417,534635,541890,510766,548897,558293,556038,551514,573042,566765,590201,550362,548155,545151,564523,545413,535941,569003,565359,601008,600090,557150,563154,552325,525067,544580,547046,541127,526719,542474,559449,591717,586975,567368,547391,517258,545403,571009,544939,541398,522116,528651,559520,546122,539409,547451,528225,518055,497709,530581,525176,533665,503047,490296,524151,511668,543108,504516,515061.3299999999,516046.62,498281.1499999999,531859.93,511465.7800000001,512945.55,486942.30000000005,508997.28,538285.7,557177.3200000001,539795.2100000001,502806.91,522500,544833,507842,513168,537185,517068,488000,509917,530797,546755,580425,516891,534565,515119,514340,506490,490996,465894,480029,513624,520167,565608,544432,518259,522106,510621,512901,538323,518947,534134,501521,531618,563586,568608,544758,559551,524024.17,513025.02,539166.0799999998,549345.34,536233.1200000001,539226.88,512310.22,533414.31,569642.7599999999,544746.14,600718.59,548748.0300000001,,,,,,,,,,,,
Nota: atualização defasada para não antecipar informações de distribuidoras que devem obedecer às intruções da CVM sobre publicação de resultados.,,,,,,,,,,,,,,,,,,,,,,,,,,,,,,,,,,,,,,,,,,,,,,,,,,,,,,,,,,,,,,,,,,,,,,,,,,,,,,,,,,,,,,,,,,,,,,,,,,,,,,,,,,,,,,,,,,,,,,,,,,,,,,,,,,,,,,,,,,,,,,,,,,,,,,,,,,,,,,,,,,,,,,,,,,,,,,,,,,,,,,,,,,,,,,,,,,,,,,,,,,,,,,,,,,,,,,,,,,,,,,,,,,,,,,,,,,,,,,,,
